{
	"$schema": "./node_modules/@angular/cli/lib/config/schema.json",
	"project": {
		"name": "angular.material.boilerplate"
	},
	"apps": [
		{
			"root": "src",
			"outDir": "dist",
			"assets": ["assets", "vendors", "favicon.ico", "demo/assets"],
			"index": "index.html",
			"main": "main.ts",
			"polyfills": "polyfills.ts",
			"test": "test.ts",
			"tsconfig": "tsconfig.app.json",
			"testTsconfig": "tsconfig.spec.json",
			"prefix": "app",
			"styles": [
				"../node_modules/roboto-fontface/css/roboto/sass/roboto-fontface.scss",
				"styles/bootstrap.scss",
				"styles/font-awesome.scss",
				"styles/loader.scss",
				"styles/material-design-lite.scss",
				"styles/material2-theme.scss",
				"styles/ui.scss",
				"styles/theme.scss",
				"styles/app.scss",
				"styles/demo/pages.scss"
			],
			"scripts": [
				"../node_modules/jquery/dist/jquery.min.js",
				"../node_modules/scrollreveal/dist/scrollreveal.js"
			],
			"environmentSource": "environments/environment.ts",
			"environments": {
				"dev": "environments/environment.ts",
				"hmr": "environments/environment.hmr.ts",
				"prod": "environments/environment.prod.ts"
			}
		}
	],
	"e2e": {
		"protractor": {
			"config": "./protractor.conf.js"
		}
	},
	"lint": [
		{
			"project": "src/tsconfig.app.json",
			"exclude": "**/node_modules/**"
		},
		{
			"project": "src/tsconfig.spec.json",
			"exclude": "**/node_modules/**"
		},
		{
			"project": "e2e/tsconfig.e2e.json",
			"exclude": "**/node_modules/**"
		}
	],
	"test": {
		"karma": {
			"config": "./karma.conf.js"
		}
	},
	"defaults": {
		"styleExt": "scss",
		"class": {
			"spec": false
		},
		"component": {}
	}
}
